Today's Date,5/31/2025,,,,,,,
,,,,,,,,
,Day1,Day2,Day4,Day8,Week2,Month2,Month3,Quarter2
A Fine Romance,1/1/2024,1/2/2024,1/4/2024,1/8/2024,1/15/2024,1/31/2024,3/1/2024,6/9/2024
Ain't Misbehavin',,12/31/1899,1/2/1900,1/6/1900,1/13/1900,1/29/1900,2/28/1900,6/8/1900
All of me D,8/23/2023,8/24/2023,8/26/2023,8/30/2023,9/6/2023,9/22/2023,10/22/2023,1/30/2024
Minor 7 Chords,3/16/2023,3/17/2023,3/19/2023,3/23/2023,3/30/2023,4/15/2023,5/15/2023,8/23/2023
All The Things You Are,3/7/2023,3/8/2023,3/10/2023,3/14/2023,3/21/2023,4/6/2023,5/6/2023,8/14/2023
Autumn in New York,8/27/2023,8/28/2023,8/30/2023,9/3/2023,9/10/2023,9/26/2023,10/26/2023,2/3/2024
The Blue Room,1/29/2024,1/30/2024,2/1/2024,2/5/2024,2/12/2024,2/28/2024,3/29/2024,7/7/2024
Cherokee,2/27/2023,2/28/2023,3/2/2023,3/6/2023,3/13/2023,3/29/2023,4/28/2023,8/6/2023
Fascinating Rhythm,2/23/2023,2/24/2023,2/26/2023,3/2/2023,3/9/2023,3/25/2023,4/24/2023,8/2/2023
Fly me to the moon,8/28/2023,8/29/2023,8/31/2023,9/4/2023,9/11/2023,9/27/2023,10/27/2023,2/4/2024
For Sentimental Reasons,,,,,,,,
Girl From Ipanema,2/19/2023,2/20/2023,2/22/2023,2/26/2023,3/5/2023,3/21/2023,4/20/2023,7/29/2023
I Can't Get Started With You,9/5/2023,9/6/2023,9/8/2023,9/12/2023,9/19/2023,10/5/2023,11/4/2023,2/12/2024
I'll Never Smile Again,2/11/2023,2/12/2023,2/14/2023,2/18/2023,2/25/2023,3/13/2023,4/12/2023,7/21/2023
Is You Is Or Is You Ain't (Ma' Baby),2/7/2023,2/8/2023,2/10/2023,2/14/2023,2/21/2023,3/9/2023,4/8/2023,7/17/2023
Lullaby of Birdland,,9/5/2023,,,,,,
My One and Only Love,2/3/2023,2/4/2023,2/6/2023,2/10/2023,2/17/2023,3/5/2023,4/4/2023,7/13/2023
,,,,,,,,
,,,,,,,,
,3/22/2023,3/23/2023,3/25/2023,3/29/2023,4/5/2023,4/21/2023,5/21/2023,8/29/2023